Username,Date,Content
b*****e,8/2/2024 8:21,"Value for Money:Cheaper than to rent a pocket wifi

Parcel was received in good condition, The seller responded to my message very quickly and sent out the sim cards fast.

Update 1/3/24
This sim card can be used in Seoul and Busan with good speed. ğŸ‘"
yvesyvs,25/1/2024 10:05,"Item received with good, fast delivery. Purchased 2 simcard here and both working well, unlimited with 5g data, fast and stable. Value price in this shop."
ekming2008,20/2/2024 23:31,"Value for Money:Good value for money.

Seller takes good efforts to pack the items nicely and thanks for speedy delivery. Will update again using it in overseas"
5*****e,23/12/2023 16:05,"Value for Money:Great price

I bought this for my coming trip.
Hope it works well.

Seller is helpful and response to my queries.

Delivery is super fast"
outlaw82,19/1/2024 9:18,"Value for Money:cheaper than most

Would be better if they have more days option, but price wise this package was cheaper than most sellers. Bought during sale so I got more discounts! Will use them soon so hopefully they will work fine. Sim card came with pin for easy replacement. No external package; directly packed in bubble envelope. Seller posted out faster than stated so thanks seller! ğŸ˜"
amyleong69,4/3/2024 0:08,"Item received in good condition. Used it for 3 days, connection is fast and no problem at all. Worried that it might not be in time to receive bcz usually it will take longer time to reach East Malaysia  . But Seller is very helpful, to send the item ASAP. Item successfully received 1 day earlier. Will buy again for the next trip."
c*****e,31/1/2024 14:27,"Value for Money:yes

Used it for 10days in Korea, totally no problem with the connection, delivery speed is quite fast, seller responded very fast too. I ordered it 2 days before my trip and received just in time. Recommend for the good price."
z4d_kbr_z56ycdf_c_2jmnzm2fvs,17/1/2024 12:36,"Value for Money:Yes..

Bought unlimited data for 5 days. Fast shipping, received within 3 days. Not yet try. Hope it will work well when am in Korea. "
h*****u,29/2/2024 9:50,"Value for Money:hopefully works well

Received in good condition 
Hopefully works well 
Seem a lot good comment from other buyer ğŸ˜Œ
Seller also patient ans my question ğŸ˜Š"
kskonlinestore,9/1/2024 16:38,Fast delivery good value for money and excellent service by seller.
leo.wong9908,16/8/2023 12:21,"Packaged well by seller, fast delivery :)

Haven't tried it though"
eddiehyw,27/1/2024 20:08,Received in good condition with fast delivery. Hope this sim card can used
w*****g,14/1/2024 12:55,"Value for Money:Not Yet Try

Seller send out the item as ordered and delivery quite fast. I not yet try this for my upcoming holiday so canâ€™t giving further comment or feedback. Perhaps seller can improve on delivery packingâ€¦ and put some info/memo to guide how it work and how to activate the SIM cardâ€¦ thank youâ€¦"
w*****f,22/1/2024 14:26,Fast delivery. Received in just few days only. Hope can use when I travel to Korea.
xinen_0827,16/2/2024 19:52,"SIM card working well when after insert into phone, trusted seller"
t*****h,6/2/2024 17:32,"Very fast delivery, ordered on the 1st Feb and received on the 2nd Feb 2024. On the dim card, there is no printed label like the brand or name of manufacturer etc."
c*****m,25/8/2023 21:10,"Received items just in 2 days, seller fast response and fast delivery"
arineling,6/1/2024 18:42,"Value for Money:Fast Delivery

Preparing for my Korea trip, and this sim card is a game-changer! Kudos to the seller for their quick responses in the chat. Hoping for seamless connectivity throughout my journey in Korea. Thanks a bunch!"
lfchang1984,6/3/2024 20:37,"Best selling on Shopee, prompt delivery, functional product received, good communication, recommended seller"
s*****7,10/11/2023 11:30,"The price is reasonable 
Seller is very attentive 

But the courier service is amazingly bad."
a*****i,27/11/2023 20:04,"Value for Money:10/10 cheaper than buying simcard at the airport in korea

Really helpful seller, answered my questions and was fast to post out the simcard, bought this for my trip to korea. Cant wait to use it! Thank you for an excellent service!"
c*****1,18/2/2024 1:42,"Value for Money:The price is quite cheap compared to other

Delivery is super fast. Hopefully it can work well when I'm in SK later. Thanks seller âœ¨"
yungping78,25/2/2024 21:21,"Very fast in delivery. Price is reasonable and value for money. But try yet, hope sim card work properly when reach korea."
h*****1,6/12/2023 10:52,Item received in good condition and very fast delivery from seller.. Not yet try.. Will try when I'm in Korea..
csoonwan81,5/2/2024 16:38,Very fast delivery and very good packaging. Will only know its performance when I use it in Korea in a few weeks time
jamting,1/12/2023 20:41,Fast delivery! This is the second time buying from this seller.Quality very niceThank you seller& J&T.
jamting,12/12/2023 9:37,Fast delivery! This is the second time buying from this seller.Quality very niceThank you seller& J&T.
jamting,2/3/2024 16:47,Fast delivery! This is the second time buying from this seller.Quality very niceThank you seller& J&T.
jamting,6/12/2023 23:50,Fast delivery! This is the second time buying from this seller.Quality very niceThank you seller& J&T.
a*****0,1/12/2023 9:54,Fast delivery and received in good packaging. Thank you. Sorry don't have actual photo.
c*****2,2/3/2024 11:51,Fast delivered and received in good condition. But don't know it works well or not.
jabezwong96,8/12/2023 13:23,"Value for Money:very good

Seller fast response, line was very fast at korea good"
e*****e,27/11/2023 17:09,Fast delivery. Good. Hopefully has no problem. Received in good condition
7cz4n9jnux,18/5/2023 10:01,"Item received in good condition and was packed nicely in a package, thank you very much seller."
aris_hii,11/2/2024 16:13,"All cards received in good conditions,
customer service fast and attentive"
nmok223l_u,4/5/2023 9:24,Items received thanks fast and good service and excellent qualityï¼
o*****g,16/10/2023 21:34,"The expiry date on both the Sim Cards are already expired on 2020, Contacted the seller, and the seller say they still can be used even though expired. Since the seller response is fast, I give 5stars.
Just arrived in Korea today. 
Both the Sim Cards indeed function well even though the expiry date is 2020."
9tdm8catejixk_j857yylgo518g5,8/1/2024 20:40,"Value for Money:good product, functioning all time without fail.

Small and nice packaging, key ğŸ”‘ to open simcard. Acceptable delivery time. Last but not least, no manual attached.
Practically very good product. The only disadvantage only no phone number available. If registering app with tac sent to phone number, this step wasnt supported. If you only care about internet, this item work fantastic. "
greenhabor_123,7/2/2024 11:50,"Not try yet but Very fast delivery. Due to my urgent situation, i contact seller and they are fast response. Recommend to buy from themğŸ¥°"
l*****1,23/10/2023 18:34,"Value for Money:really worth it n hope can use

Haven use yet.  Hope can use it in my oversea trip.  Price r cheaper ....ğŸ‘"
wesley9848,3/1/2024 11:05,"Value for Money:Good Coverage

Fast delivery for Sim card
Korea, Seoul and jeju
Stable network.
Strong signal.
Hotapot sharing allow.

Recommend"
baidou_,1/2/2024 13:08,"Value for Money:good

The price here is goodğŸ˜†, other places &platform sell in higher price

Data connection is smooth throughout the whole trip"
wesley9848,3/1/2024 11:06,"Value for Money:Great coverage

Fast delivery
Good coverage
Strong network
Hotspot sharing - allow

Recommend for traveller to Korea"
washahoe,30/11/2023 12:26,Received in good packaging.Used it for my recent trip .Working fine and good connection..No problem at all.Recommed to others.
p*****p,19/11/2023 21:06,"Connected immediately after plugged in, speed is good. Fast service by seller too."
j*****i,30/1/2024 19:46,Very fast delivery.   Take only 3 days to receive.   Thank you Seller
k*****7,26/11/2023 9:04,"Value for Money:yes

Confirmed that item is as described. Used for the past 8 days. Speed is fast in Jeju and Busan. The card is a bit weird. It is under Malaysia mobile provider DIGI and all google search recommendation including advertisement shows Malaysia related content instaed of Korea while i am in Korea. My Samsung phone has pop up ""device plan"" alert showing 800Mb instead of 1Gb and 6 days validity instead of 8 days. I think it is safe to ignore becauseI have no issue of 8 days usage. Unable to hit 1Gb per day so couldn't validate 800Gb limit. Card printed expiration date is years ago but it is still usable. Overall I will buy from this seller again."
rrrrug,29/12/2023 15:50,"Value for Money:best of the best

Went to busan and Seoul. I do not have any issue using it. Iâ€™m a iPhone 14 user. No issue in activating it. Plug and play. Speed is fast too. Will definitely use again."
f*****6,29/1/2024 15:24,"Value for Money:not value for money

the sim CANNOT BE USED IN KOREA, the line is so slow and mostly no network, have contacted the technical team and nothing can be done, it is not worth it"
n*****i,14/12/2023 17:49,"Value for Money:Good

Arrived in 3 days but I still couldn't use it because I left before that! But will use this next time ğŸ˜ thank you seller"
p*****a,3/3/2024 8:00,"Simcard ni memang bagus bila pakai dekat korea. Lajuuuuuu je internet. Seller dah bagitahu sesiap steps untuk guna simcard ni dekat description, membantu sangat. Thankyou so much seller."
s*****t,9/2/2024 13:24,sdh try simkad ni d korea mmng laju. so siapa2 yg travel ke korea guna lh ni simkad sngat worth it.. line internet sngat2 lajuğŸ˜
sotongcai,16/10/2023 16:59,"Value for Money:cheap

Receive simcard in fast arrange within 2 working days, great to fix it during travel , hopefully good and smooth"
a*****z,22/1/2024 11:27,"Value for Money:nice deal

havent tried since im still at msia but hopefully it'll work just fine with great coverage. thanks seller"
a*****m,25/2/2024 21:30,Very good coverage.. recomended to buy..seller also respond for chat..
g*****g,4/10/2023 12:02,Package is well received. Hope it can work well when in South Koreaâ€¦ ğŸ‘ğŸ»
o4knwjqgny,15/12/2023 12:43,"Product looks good and safe for me
Hopefully product is good"
s*****h,12/11/2023 23:49,"Value for Money:good

Travel to korea u must buy this. Very helpful and itâ€™s working without any prob"
h*****7,30/9/2023 12:17,I can use at the korea. Good prodict to buy and really recommend it. Just plug and use it
chriszabellatan,10/2/2024 1:18,"Value for Money:I will update when im travel this march

Hopefully the coverage is good."
z*****0,21/1/2024 13:20,"Value for Money:Affordable

Seller is very responsive. Bought for my trip to korea this february. Hope its functioning. Tq seller"
dgmastinikiflee,12/9/2023 18:03,Tqvm...simkad telah diterima dlm keadaan yg baik..anak saya yg akan guna di korea minggu depan...
mrmohdikhwan,26/8/2023 23:01,Value for Money:thanks for your helping for activation in fast response ğŸ«¶ğŸ»
s*****i,20/2/2024 12:56,"Fast delivery but I have not try it out as Iâ€™m going Korean in march only 
Will update soon"
eevee122,13/3/2024 15:17,Ordered 11/3; received 13/3. Super fast delivery. First time using this SIM card with this seller. Will buy again if good. Thank you.
ffbear98,8/1/2024 6:31,"Value for Money:Yes

Item received in good conditions. Not yet use since my arrival is on the 13 Jan only."
aerazahirah,5/1/2024 19:30,"Value for Money:Hope so

Tq seller. Hope its works when im in korea soon! Within 3 days I received this items."
hidayahezora,5/2/2024 12:36,Simkad dah sampai.dapat skali pin cucuk utk setiap sim.cuba pasang bila sampai korea nnt.tq seller
ngkokwah7409,3/1/2024 14:40,"Fast Delivery
Nice Packing
Reasonable Prices
Well Done Seller"
pg59bp,9/11/2023 10:56,"Value for Money:fast delivery n nice packaging, thanks."
s*****m,2/2/2024 6:32,"Value for Money:absolutely

Just arrived at Incheon airport & it functions well with 5G line.just follow seller instructions.ğŸ‘ğŸ‘ğŸ‘ğŸ‘ğŸ‘"
c*****4,12/10/2023 22:42,Just order on 10/10 and received on 12/10. Thanks seller for the fast delivery. Value for money. Haven't try but hope it works well in Korea. Just received the sim card and the pin only. Seller can improve to put sim card in a plastic bag or cover by a piece of paper in future to prevent the sim card from damage as some courier service might spoil it.
w*****1,25/1/2024 8:45,The sim cards are received in good condition and value for money. Used their card before in China and worked properly as promised. I hope this time too.
eevee122,19/3/2024 13:13,"Ordered 15/3; received 19/3. Fast delivery from seller. Repeat purchased, not yet used. Will update after came back from Korea. ğŸ˜Š"
m*****z,27/12/2023 13:32,"Value for Money:Absolutely

Got my parcel already, in good condition

Thank you seller for the good service
Recommended!"
yeepe6130,18/12/2023 20:30,"Received, no packaging, I hope it can be used when it arrives in South Korea in January 2024"
nonofoong01,9/3/2024 21:22,"Very fast delivery service! Havent try yet, hope it can be very smooth in KoreağŸ¤£"
n*****2,21/2/2024 8:59,"Value for Money:yes

Hvnt use yet, will review again after my trip.
Delivery was fastğŸ‘ğŸ‘ğŸ‘ğŸ‘"
yeenee81,22/1/2024 22:49,"Value for Money:yes

Managed to get shop voucher and bought at cheaper price."
vivian1628,22/2/2024 20:38,Value for Money:delivery fast no try yet will use its  next week korea trip
c*****n,7/10/2023 7:14,"Haven't use, hope it works well. Not sure ok or not. But very fast delivery."
mr.shyan,18/2/2024 22:26,Fast delivery I am travel to Korea next month hope it work well
ipoon002,22/12/2023 14:35,Received in good condition. Bought for my coming trip to Korea.
g*****i,3/1/2024 11:30,Received product in good condition. Thank you very much seller.
g*****i,3/1/2024 11:30,Received product in good condition. Thank you very much seller.
eairizadhjhasshim,22/11/2023 17:42,Tgh murah dan cepat sampai.. esok guna baru leh update pasal coverage line
l*****n,15/2/2024 15:14,"Very fast delivery
Each SIM card have one individual pin and boxes"
christyjr,19/2/2024 15:24,item just received safely. Hopefully work very well later on. Thanks.
qzsm7tqukg,19/5/2023 10:41,Seller was very fast in replies and friendly and kind overall is good
lkylau21,6/1/2024 22:41,Seller fast respond to assist. Strongly recommended
54w3xxyx1h,19/5/2023 17:30,"Fast delivery, havenâ€™t use it yet. Will order again if needed."
s*****y,1/2/2024 17:09,"Value for Money:very cheap and good

Simcard sampai dalam keadaan yang baik. Penghantaran mengambil masa 3 hari je. Beli sebelum pegi korea, ambil pakej yang 4G unlimited utk 10 hari, sangat berbaloi. Arahan untuk aktifkan sangat mudah. Sampai je dkt airport busan, korea trus masukkan sim lps tu enable roaming data, trus ade internet. Nak maen ws, insta, tiktok , fb, twitter xde masalah xkne block pn. Nk vc ws pn okayyy laju je xde masalah pn. Cumanye bila maen game moba, ade lag skit sbb ping mencanak naik tak tahu la sbb ape huhu. Papepn, sape2 yg nak pegi korea simcard nie sgt highly remommended dr e sim sbb lagi murah. Lps tu total data interner yang diguna spnjng 10 hari dkt korea hanya 7 gb je tak smpt pn nk maen fon asyik jalan je pagi smpai mlm lps tu tido haha. Utk upload insta story anta gambar vid dkt ws tu ckup kot amek pakej sehari 1gb jeee kalo nk travel kt korea nieee papepun peace"
k*****7,26/11/2023 9:03,"Value for Money:Definitely worth it comparing the price to all other sellers.

Confirmed that item is as described. Used for the past 8 days. Speed is fast in Jeju and Busan. The card is a bit weird. It is under Malaysia mobile provider DIGI and all google search recommendation including advertisement shows Malaysia related content instaed of Korea while i am in Korea. My Samsung phone has pop up ""device plan"" alert showing 800Mb instead of 1Gb and 6 days validity instead of 8 days. I think it is safe to ignore becauseI have no issue of 8 days usage. Unable to hit 1Gb per day so couldn't validate 800Gb limit. Card printed expiration date is years ago but it is still usable. Overall I will buy from this seller again."
h*****i,15/3/2024 7:31,"Haven't try it in Korea, will update my review after that. But the packaging need to be improved"
_*****_,25/9/2023 14:09,Belum cuba. Postage agak lambat. 3hari lepas order baru pos. Mujur sempat sampai sblm bergerak ke sana.
b*****1,3/11/2023 13:57,"Value for Money:oklah

A bit disappointed as it shows 800mb only a day whereas when I bought it show me 1gb per day. Today was the 6th day in South Korea and it pop out showing 800mb.  Sorry as I canâ€™t find the photo of the 800mb that why show inrellavant photos"
p___12,8/3/2024 7:07,"Value for Money:worth it

Internet is super fast. I have no problem using it even in the subway (underground level)

Note that it doesn't have number so you are not able to register any korean apps like Kakao or Naver."
f*****7,28/2/2024 21:21,"Value for Money:it's worth it if you use a lot of data when your at overseas

I think the data is fast enough to use the social media and you can even share hotspot to others too ğŸ‘"
shahizanshafie,23/10/2023 22:31,"Value for Money:not really

Ni simkad digi pakai roaming je kt korea.dh nama digi line pun slow.x berapa puas hati.better beli simkad kt airport je.tp dh beli tpaksa pakai je la dr membazir.nasib baik wifi hotel laju"
f*****7,28/2/2024 21:21,"Value for Money:it's worth it if you use a lot of data in overseas

The data is fast enough to use the social media and you can even share hotspot to others too ğŸ‘"
n*****1,12/11/2023 11:42,"U need to activate it online before your travel date..but otherwise works well during my trip..1gb/day is more than enough for normal browsing, whatsapp calls n texts, n some casual gaming."
v*****s,30/7/2023 21:06,"Value for Money:Yes

The delivery service very late. It make me scare purchase item again at shopee. Now I wil consider buy again if I got more than 2 weeks time to use it."
idaya1991,4/1/2024 9:55,"Value for Money:yes

So easy to use , thank you for creating this useful sim card. I have a good time having this card while travelling"
dienmuhamad,4/1/2024 11:45,"Value for Money:mantap

Boleh guna. dia mcm roaming ja tp function. internet laju kalah roaming pakai sim malaysia. X menyesal la kalau beli."
c*****3,22/2/2024 15:25,"Bought to use in Korea. Once reach Korea, change sim card and it can be direct use, super convenient. Line showed 5G. Satisfied and recommended."
saifuliqmal23,9/3/2024 2:20,"Value for Money:sangat berbaloi

Baru je pergi Korea minggu lepas, sim internet laju. Satu hari tak habis punya quota sebab asik berjalan jeee. Hehe."
n*****h,5/3/2024 12:08,"Value for Money:ok

Received after 3 days ordering. No manual not written which package we receive so couldnt confirm lol hopefully work well"
jasmonching,24/2/2024 20:31,"Value for Money:consider cheaper than roaming since I need it for 8 days

Great product and I got no issue enjoying 5G connection."
babebibobu_q,18/1/2024 18:42,"Value for Money:yes

Buy during sale so murah sikit. Internet laju di seoul & jeju. Mudah, masuk kan je terus on roaming."
r*****n,7/1/2024 1:41,not try yet. hope i can use it when i'm going to travel to Korea between 25 till 30 this month.
catherinechan83,2/11/2023 14:29,"SAYA BELI DUA JENIS KAD ,KAD INI TAK BERAPA BAIK SATU HARI 1GB CEPAT HABIS.SAYA KAD LAIN 3GB 7HARI PUN TAK HABIS"
julie_bong,25/2/2024 6:56,First time try this sim.  Hopefully work well at korean Seoul and jeju.  Wil update again after use it
m*****i,21/2/2024 9:26,"Value for Money:definitely

The SIM card is superb!! Now I donâ€™t have to worry bout every time I travel."
dingthong,20/10/2023 22:53,"Value for Money:Economy

Ordered 11/10, Received 20/10.
Simple packaging, lucky not lost.
No instruction, hopefully able to use."
laitienchin,10/1/2024 20:56,"4G data speed can reach 3M/s
  I'm currently in Busan,  can buy it when u go Korea."
themythy,22/1/2024 21:08,"Use it for 7 days, and it works perfectly fine in the entire trip. Highly recommended"
h*****a,22/8/2023 21:03,"Value for Money:bagus tetapi penghantaran adalah kura kura mati ditengah jalan

Belum test lg. hujan bulan ni nak test"
christine6663,23/11/2023 23:15,"I am just came back from Korea, this sim card very good coverage ! recommend !"
anemzul,2/9/2023 17:19,Ordered on Wednesday and arrived on Saturday! So fast!! Thank youuu & hopefully it works in Korea :)
s*****_,21/11/2023 18:51,"Haven try yet, btw all condition is good when I received it, Thanks seller"
glenntang321,21/9/2023 8:21,"Value for Money:Good value for money

Good value for money
Slow abit delivery"
n*****6,20/11/2023 14:40,"Working as expected, came with adaptor. Great value for money."
sucaimeimei,3/2/2024 20:28,"A bit shock when receive this, have no cover or plastic inside...."
jcsfoon,31/1/2024 19:19,"Received in order, hope can use it smooth in next week"
officializzulislam,28/2/2024 18:24,internet lajuu line stable next time boleh repeatğŸ™ŒğŸ¼
shiehyen18,16/12/2023 14:57,Fast respond from seller and fast delivery
uzif6_kgff,10/2/2024 7:28,Sampai cepat. Good! Harap boleh Guna di Korea
oliviatay611,5/3/2024 13:36,Fast delivery. But havenâ€™t start use.
a*****9,26/2/2024 15:50,Value for Money:Super fast delivery
nmok223l_u,29/5/2023 11:16,Seller is friendly kind and fast
swd51_7mma,5/5/2023 9:50,Have used it so good quality.
fannykw,11/2/2024 18:42,Bought 4 cards and all working wit coverage
b*****5,17/12/2023 16:20,"the SIM card work perfectly at Seoul, awesome!"
janneytks,14/1/2024 18:40,Best sim card that i used !
j*****0,2/3/2024 18:51,"Ok, but line unstable sometimes"
ivytee1,12/10/2023 18:45,totally cannot useï¼Œseller send exp sim card
a*****6,14/3/2024 18:45,"Sangat berbaloi beli!
Jangan la ada second doubt beli hahaha
Pasang masa atas flight. Lepas touch down buka on phone terus boleh guna ye
Memang mudah
Akan beli lagi"
c*****5,6/3/2024 2:04,Will use this for my coming Korea trip. Hope it works perfectly
izham_my,23/10/2023 20:53,"Value for Money:Yes AbsolutelyğŸ‘ğŸ»ğŸ‘ğŸ»âœ…âœ…

Thanks to sellerğŸ‘ğŸ»ğŸ‘ğŸ»âœ…âœ…ğŸ’¯ğŸ’¯
I give 5 â­ï¸â­ï¸â­ï¸â­ï¸â­ï¸"
n*****7,15/2/2024 4:28,"Umi telefon minta aku belikan beliau almari baju. Aku tanya nak macam mana, umi cakap tengoklah dekat shopee. 

Aku cakap lagi bagilah gambar, screenshot ke apa. Tak reti pulak katanya. Takpernah aku jumpa perempuan tak reti screenshot ni. Kah!

Aku pun belek design almari yang ada. Tunjuk dekat umi. Banyak pulak soalnya lebar berapa kaki, tinggi berapa cm, laci berapa tingkat, ada berapa warna, kayu ke plastik. 

Pening. 

Aku suruh umi senaraikan nak jenis apa, tinggi paras peha ke pinggang atau tengkuk, berapa tingkat dan warna. Senang tak pening kepala aku. 

Umi cakap nak kaler gray, laci tiga 3 tingkat. Tinggi paras pinggang. 

Last sekali aku beli ni je https://shope.ee/8A7lbQeOuH

Aku cakap lain kaler takde. Yang tinggal putih je. 4 tingkat. 

Hahahahahahahahaha."
suyiii,7/3/2024 17:54,
e*****e,2/12/2023 13:40,"Value for Money:hopefully can use

This card no Phone number, is roaming, hopefully can use during korea trip. Seller provide The container with pin for every card which is so useful where we can store our Sim card."
d*****0,1/2/2024 18:33,"Value for Money:dont know yet

seller send only the sim with the pin... didnt mention anything and no guide note 
pray hard it work on end of this month
tq
update after back from my trip"
toys_empire,11/1/2024 13:58,Iâ€™m going to go get my nails done at my house so you yowy donâ€™t need me to do it for me I just got done with the
a*****7,16/10/2023 18:18,I bought 2 different location  sim card but it looks the same. Was a bit confusing. Havent try yet
taqizamri,14/12/2023 19:20,"Value for Money:cheaper than the others

Will try once i arrive in Korea. Hope it works well."
e*****g,8/2/2024 17:51,Iâ€™m not sure why I am doubting this SIM cardâ€¦. Whether can use it or not ğŸ¤”ğŸ¤”ğŸ¤”
s*****2,23/2/2024 15:42,"Received the SIM card, after go travel come back will give feedback. Thanks to seller"
yeah41,2/3/2024 13:45,"Value for Money:Sgt berbaloi

Senang nak guna..roaming on..murah berbaloi la guna..n laju!"
k*****5,4/3/2024 14:49,Buy sim use at korea next month. Hopefully no issue during there
ezzax24,13/3/2024 7:37,"Value for Money:ngam..boleh guna

Pls set the roaming to enabled"
n9pb6f9gk2,29/5/2023 11:13,Got it from flash deals. Thumbs up. Will try the sim card when overseas.
genevieve_,29/1/2024 11:05,"å¾ˆæ–¹ä¾¿ å¾ˆç®€å• å¾ˆå®¹æ˜“æ“ä½œï¼å¾ˆå¿«æ”¶åˆ°ğŸ«¡ 
Dataä¹Ÿå¾ˆå¿«ï¼ŒFb WhatsApp Instagram å°çº¢ä¹¦éƒ½å¯ä»¥æ¸¸è§ˆ."
fannylaimeiyee,21/1/2024 22:11,ä¸œè¥¿å·²ç»æ”¶åˆ°äº†ï¼Œå•†å®¶å¾ˆå¿«å°±å¯„åˆ°äº†ï¼Œè¿˜æ²¡å¼€å§‹ç”¨æ‰€ä»¥ä¸çŸ¥é“æ˜¯å¦èƒ½ç”¨ğŸ˜…å¸Œæœ›è¿™å¡æ˜¯Workçš„ï¼Œä¸ç„¶æˆ‘ä¼šè¢«å¾ˆå¤šäººéª‚ğŸ˜‚
jchow79,25/3/2024 14:42,"Received in good condition, seller fast response to all my questions before I purchase, fast shipping, hope it works well on data connection & speed

Was planning to rent pocket wifi which is much cheaper on data rate, but to use at separate device when user at different location, it will lost connection with pocket wifi. So SIM card works better."
back2basic1212,31/12/2023 14:28,"Value for Money:yes

although the sim cars received had expired but seller assure it still can be use. not individual pack as received as photo in courier bag without manual need self print manual. Hopefully can improve by putting it in small plastic bag to avoid the sim being scratch during handling/ delivery

purchase with a good price- both are for my colleagues as i'm using roaming. easy to install - once put in sim card then can use after on roaming for sim 1 setting"
sh9988,18/3/2024 19:57,"Ordered 15/03, received on 18/03. First time buy from this seller. Purchase for early May Korea trip. Havenâ€™t try so canâ€™t comment much at this moment. First time received travel sim card in super simple way, without any package like other travel sim card, without manual user and not show is Korea n the data. May be due to cheaper prices compared others. Hopefully can use cause see reviews only decide purchase from this seller. Bit worry."
h*****1,1/3/2024 7:26,"Value for Money:murah dan laju

Guna line SK Telekom. Laju giler weh... Best sgt.. Dah lah murah.. Terbaik. Lepas ni senang lah nk g travel mana2 beli simkad ni je. Biasa bawa wifi router RoamingMan, leceh sbb besar dan nk kene bw powerbank sbb cpt hbs batt. Skg slot in je kat fon. Xyah pening2."
denniskua,26/3/2024 12:08,"Value for Money:don't know yet

Loose items, no brand, no packing, no instructions and only can incert when arrived Korea, hopefully can use....."
becky.tan,25/3/2024 20:25,"Value for Money:Lousy packing

Received as per pictures, not even have a proper factory packing. Not sure can used or not. Dun have confidence with this shop, dunt think will buy again from this ahop"
outlaw82,17/1/2024 16:25,"Value for Money:one of cheapest at time of purchase

Will use soon, so any issue will update this review later. 

For now, delivery was fast, SIM card came with pin for easy replacement. One of the more affordable choices at time of purchase, so hopefully will work great in Seoul. Thanks seller."
srdent,26/1/2024 20:21,"Value for Money:murah dari pass telco tempatan

Line laju dan ok. Saya guna di busan. Rasanya line csl hk. Tak kisah la janji bila on ja kat arrival hall mmg auto terus connect, no complicated setting diperlukan."
lfchang1984,6/3/2024 20:35,"Best price on Shopee, prompt delivery, functional product received, good communication, recommended seller"
aminurrashid34,11/2/2024 9:48,"Value for Money:tak pasti, kad belum guna

Kad diterima dalam keadaan yang memuaskan
Terima kasih kepada penjual
Terima kasih kepada kaurier
19/2/24 baru aktif kan"
1*****o,25/3/2024 21:22,"Value for Money:ok

not sure really good to use or not, seller didn't put the sim card in a paper cover as advertising, only one pcs simcard + pin only pack in courier plastic bag like not secure much"
norfarahmohdzin,6/3/2024 19:30,Simcard function well. Saya dh guna dekat korea!!! Sangat berguna dan laju!!
edwardwen1107,6/3/2024 7:39,"Receive in good condition, fast delivery from seller recommended"
m*****a,20/3/2024 20:00,"Sangat berbaloi beli!
Jangan la ada second doubt beli hahaha
Pasang masa atas flight. Lepas touch down buka on phone terus boleh guna ye
Memang mudah
Akan beli lagi
Line memang laju"
c*****h,23/3/2024 15:11,I just received my sim card and I will start using it on April 1st. Will update the review later. ğŸ©µ
leelixuan98,24/2/2024 16:03,Just now getting ready to collect the money to get ready for bed watching TV show on Netflix about you
m*****2,25/3/2024 22:09,"Received with good condition. Next month to Korea,  hope it works."
c*****2,19/3/2024 16:04,Fast delivery ğŸšš good value for money and good quality for product
h*****m,15/2/2024 19:40,Value for money and the SIM card come with simple instructions and yet to install and use at South Korea
n*****i,3/1/2024 2:08,Terbaik seller mmg murah beli waktu sale thank u will repeat
n*****5,14/2/2024 11:03,Thank you dear seller..sim card safely arrived..easy to use it
s*****a,21/3/2024 7:53,"Value for Money:Cheaper than other Sellers but haven't used yet to test it's quality

Goods received in good condition. Recommended by friends who just back from Seoul. So I suppose it is good."
chongsian88,10/1/2024 20:06,"Value for Money:good

Thanks for quick delivery and good product quality, will buy again next time"
little.women,2/2/2024 8:24,"Value for Money:Haven't try yet

I bought this for Taiwan trip last year, it was very good and fast. I don't even need to use public wifi when I was in Taiwan  Hopefully the Korea sim card is as good too."
ewezuhang,25/3/2024 14:02,"Value for Money:parcel received in good

Thanks seller 
Happy with the purchase
Worth to buy"
n*****c,17/3/2024 20:21,"Value for Money:good

Request for fast delivery.. and it's received within 2 days. Thanks."
winnie6354,28/1/2024 21:31,Received but unable to test until travel date. Hope easy to connect. Thank you seller for the fast delivery. ğŸ‘
n*****p,13/3/2024 21:27,"2nd purchase with this seller. 
And seeing this plain card, will still have slight worry if the Sim card works 

Anyway, the first sim was great and cheap.
Hopefully this works well too."
j*****h,9/3/2024 21:02,"Value for Money:good

data very fast and easy to useï¼
recommendï¼ï¼unlimitted data ğŸ˜ğŸ˜"
r*****n,11/3/2024 17:25,"Value for Money:buy 2 Sim cards for forthcoming trip to Naju and Busan.

Korea trip will be in 3 weeks time, so not yet use. Fingers cross they work well. Will give feedback after back fr Korea."
supperbugerbits,20/1/2024 23:09,"Value for Money:very high speed

Dah try sangat bagus , internet and hotspot yang laju no buffer. Really recommended"
n*****4,20/3/2024 18:41,"Value for Money:The packaging is so insincere. The chips could go bad, but they didn't put them in the small bag."
a*****_,19/3/2024 18:58,Fast delivery is very good but seller just put the items into a parcel bag without any packaging...I think it's not safely...hope can improve...
g*****4,21/3/2024 21:23,Received with fast delivery! Bought with very urgent need and seller good and expedite the process of delivery
0*****n,21/3/2024 19:52,"Fast delivery. Received the sim. However, no other things other than picture attach. Hopefully can be used."
3*****p,22/3/2024 5:52,"ä»·é’±ä¾¿å®œï¼Œå€¼å¾—ä¹°ï¼Œé€è²¨åˆå¿«â€¦
The price is cheap, worth buying, and the delivery is fast...i"
ekming2008,20/2/2024 23:34,"Value for Money:Good value for money

Seller takes good efforts to pack the items nicely and thanks for the speedy delivery. Will update again after using it and returned from overseas."
cheahyc,23/2/2024 7:34,"Value for Money:unlimited 4G internet access in Korea

Use it on my iPhone 7 as a personal hotspot for a group of 4. Insert SIM, turn on mobile roaming, just work.
Try it in to navigate around Jeju north city area, driving, walking. It was fantastic.
The following update was in Seoul:
Although it is 5G service but the speed is capped at 24Mbps, which is more than enough for browsing, map, and navigation using Kakao map.
We use about 7GB per person with full speed all days"
sehseetiung,23/11/2023 3:28,è¡Œå§é‚£ä½ ä¸æ˜¯æœ‰äººå—å¥½çš„æˆ‘çŸ¥é“çš„å¤ªå¤šæˆ‘ä¸€ä¸ªåŒå­¦ä¸€èµ·çš„è¿™ä¹ˆæ—©èµ·æ¥å°±å»ç¡è§‰å•Šä»€ä¹ˆéƒ½å¥½çš„æ—¶å€™æˆ‘åœ¨ç­‰ç­‰å•Šä½ ç°åœ¨åœ¨å¹²å˜›å‘¢è€å©†æˆ‘çˆ±ä½ å¤§å“¥æˆ‘åœ¨åƒä¸œè¥¿å‘¢æˆ‘ç°åœ¨å°±æ˜¯åœ¨å“ªä¸ªåŒ»é™¢äº†å§ï¼Ÿæˆ‘ä¹Ÿä¸æƒ³çŸ¥é“ã€‚
sehseetiung,24/10/2023 10:46,å¤©å•Šä»€ä¹ˆæ„æ€å‘€æˆ‘ä¹Ÿä¸æ•¢ä¸æ•¢ç»™æˆ‘çŸ¥ã‡é“å•Šï¼Ÿæˆ‘ä¹Ÿä¸æƒ³è¯´ä»€ä¹ˆå‘¢è¿˜æ˜¯ä¸è¡Œäº†ï¼Œæˆ‘å°±ä¸æ‰“æ‰°ä½ çš„å§åº”è¯¥å§å—¯å¥½çš„å¥½çš„ï¼Œï¼æˆ‘ä¹Ÿä¸ä¼šå»æƒ³äº†åŠå¤©ä¸è¯´è¯æˆ‘çš„æ„æ€å—ä½ æ˜¯åšä»€ä¹ˆçš„éƒ½æ˜¯ä»€ä¹ˆäººå•Šï¼Ÿæˆ‘åœ¨ç­‰å…¬äº¤è½¦å»å•Šï¼Ÿæˆ‘å°±ä¸å‘ç»™æˆ‘çœ‹ä¸€ä¸‹å§ä¸€èµ·ç©äº†ä¸€å±€ç‹è€…æ¥ä¸æ¥ç‹è€…çš„æˆ‘éƒ½å–œæ¬¢
c*****s,6/12/2023 14:46,"will use it later in korea, hope can be used"
momoko0418,22/1/2024 16:18,
y*****g,8/1/2024 23:33,
shuting910605,16/3/2024 19:44,Good signals and stability!
m*****5,6/3/2024 22:45,Recd with fast delivery.
victorlim8383,18/12/2023 15:25,Value for Money:WELL RECEIVED
kidstylelow,15/12/2023 8:17,Fast delivery
angelmahyokefung,18/3/2024 16:14,Fast delivery
gw_qv5olrj,6/12/2023 20:10,Fast delivery!
7_5ljz91hl,8/5/2023 10:44,"well,Shipping very quickly"
m*****4,10/11/2023 15:52,
rainieyong0819,23/1/2024 19:37,Received but have not try.hope can use at Korea
elsmin,23/11/2023 15:13,I can use at Korea !!! â¤ï¸ can buy
yukikeh,25/12/2023 16:32,"Value for Money:good

no problem ,can use."
mindychoo,31/10/2023 19:23,"Value for Money:received, will try when go korea"
j*****5,8/3/2024 12:32,Easy and fast to use
pikachu_2338,19/3/2024 21:44,Tried and work efficient
badely86,19/9/2023 17:58,"Tak tau, sebab x aktif lagiğŸ¤£"
kaylagoh,27/12/2023 14:17,Yet to try
lyaazara,22/1/2024 13:19,Value for Money:good
s*****1,16/3/2024 18:11,Value for Money:good
azie303,14/10/2023 16:56,Value for Money:will try nov
squall4896pang,20/2/2024 11:00,Not yet tested
j*****7,11/11/2023 16:56,it works ğŸ‘ğŸ¼
jennyyeow85,16/11/2023 17:59,åˆšæ‹¿åˆ° è¿˜æ²¡ç”¨ï¼Œå…ˆç»™5æ˜Ÿ
farah_zarif,2/1/2024 20:32,Overall fantastic.
syamsulbahri.omar,14/1/2024 6:25,As advertised
jqn7125,4/2/2024 15:22,No yet try.
yongdelow,24/11/2023 7:45,è¿˜æ²¡ç”¨ å¸Œæœ›æ˜¯å¥½çš„
fara.sam,17/1/2024 13:54,nice
anuarhamidon,12/3/2024 9:15,Xok
c*****6,20/2/2024 10:25,ä¸é”™ğŸ‘Œ
g*****n,11/1/2024 14:25,
irwanhairihashim,25/1/2024 18:13,
lichuen79,7/12/2023 18:11,
erica.ng.,13/3/2024 21:59,
t*****i,26/2/2024 14:27,Good
azmansulieman,22/2/2024 0:12,Mantap
vivianlsw,21/3/2024 21:15,Value for Money:fast delivery ğŸ‘ğŸ»
akritiagrawal,24/3/2024 15:42,Will update after using
mastenmccloud,23/3/2024 15:33,"Worked well, 5G most of the time in South Korea."
tohleeyong,23/3/2024 18:05,good service
hangyee9553,22/3/2024 13:03,Fast shipping with good condition
lowby,22/3/2024 16:56,Super good service.
b*****h,19/2/2024 9:46,
kyun_yee,16/2/2024 22:29,
nurfarihah19,6/2/2024 16:25,
berndlo,10/9/2023 20:43,Thanks
kennyen1228,7/9/2023 17:38,fast
fcq3kbzska,4/5/2023 9:20,goodï¼
dingsiewmoi,28/6/2023 7:02,
dragonpower2003,18/8/2023 16:14,
euneunss,31/8/2023 19:35,
a*****n,18/9/2023 20:05,
karenching88,21/10/2023 17:27,
shunyap,20/10/2023 18:45,
hweejohn,2/11/2023 17:20,
c*****k,15/11/2023 6:54,
astza97721,17/11/2023 7:10,
v*****k,26/11/2023 12:52,
fuzzrynahfiona,27/11/2023 14:11,
eversmart,27/11/2023 21:31,
dasmondchang,30/11/2023 15:25,
s*****n,30/11/2023 22:42,
zawaniefatini,12/12/2023 18:19,
m.nazre,11/12/2023 21:35,
edwardtwt,13/12/2023 22:29,
s*****l,18/12/2023 1:25,
shuangshuangbei,15/12/2023 19:50,
jesslineng,20/12/2023 2:28,
nafandy1,5/1/2024 16:03,
wahyusahirah,14/1/2024 8:10,
mystore.msia,16/1/2024 16:53,
popofwong,18/1/2024 16:11,
immching,21/1/2024 0:08,
chocoshop7,25/1/2024 5:30,
bayu.24,25/1/2024 17:22,
shidahjk,23/1/2024 9:06,
m*****w,31/1/2024 21:19,
o*****1,27/1/2024 21:55,
nurul.khaulah,1/2/2024 19:07,
barbwong,29/1/2024 8:24,
france2469,3/2/2024 18:55,
hongsunhongsun,29/1/2024 19:07,
jllim0327,6/12/2023 13:58,
hafizhori,7/12/2023 9:35,
zawaniefatini,6/12/2023 21:02,
truedet,26/2/2024 7:35,
johnchia8367,1/3/2024 12:47,
cwsl17,14/2/2024 23:59,
mallyn80,14/2/2024 15:13,
ngaichoo,13/2/2024 13:45,
lsooping,18/2/2024 15:38,
raihanas11,9/2/2024 12:01,
fatihah299,21/2/2024 22:12,
y*****b,21/2/2024 17:19,
aqilahmatakhir,21/2/2024 18:51,
j*****5,22/2/2024 16:41,
aahisha,23/2/2024 7:01,
thriftersss,4/3/2024 14:12,
pavindran92,1/3/2024 21:34,
n*****e,8/3/2024 10:49,
ying3606,8/3/2024 1:00,
stchung_magic,10/3/2024 21:46,
seribella.siti,10/3/2024 11:01,
c*****o,11/3/2024 20:04,
stchung_magic,10/3/2024 21:46,
seribella.siti,10/3/2024 11:01,
c*****o,11/3/2024 20:04,
f*****e,13/3/2024 17:38,
eclipse456,13/3/2024 23:28,
seymand,13/3/2024 20:22,
cassiesam,14/3/2024 13:17,
hwoilee,18/3/2024 16:36,
j*****m,18/3/2024 16:13,
eijaafiq,15/2/2024 18:23,
puttlyyy,16/2/2024 16:54,
puttlyyy,16/2/2024 16:54,
j*****h,5/3/2024 17:09,
mohamednorbadiazaman,17/12/2023 15:24,
behchewhoon,18/1/2024 17:24,
makram83,24/3/2024 7:57,
s*****9,24/3/2024 9:53,
b*****6,15/12/2023 19:23,
fara_delaila,16/2/2024 21:53,
venuschai,27/12/2023 16:19,
unifernandez,23/3/2024 8:42,
unifernandez,22/2/2024 22:38,
z*****f,13/12/2023 17:01,
k*****7,8/1/2024 7:09,
shihao0822,18/3/2024 14:06,
shihao0822,18/3/2024 14:06,
bcchua1976,24/3/2024 23:16,
leong19900715,29/11/2023 0:51,
chanwanqiancarmen,17/11/2023 21:55,
laikhairoucarol,28/12/2023 22:47,
dwtssm,7/3/2024 7:35,
lingsengliang,6/12/2023 16:55,
tomvivi,30/1/2024 7:52,
changlp67,3/3/2024 15:07,
b*****6,12/12/2023 22:10,
bowieyee85,28/12/2023 21:11,
kulim2025,7/3/2024 18:53,
kibeng,21/12/2023 14:51,
felicity1984,16/10/2023 16:26,
r*****n,20/8/2023 19:30,
chrisming100,18/1/2024 15:31,
nalissa.nash,8/9/2023 21:17,
cwkai78,2/12/2023 14:19,
naa_aqlh,26/1/2024 15:04,
khairussanifarid,12/11/2023 16:27,
reenaschaa,16/1/2024 19:48,
superpeck,29/1/2024 23:45,
advinloo90,29/1/2024 12:32,
rendytan88,17/10/2023 20:32,
ahheng94,24/2/2024 5:45,
shiawyen1224,13/10/2023 20:08,
j*****0,30/1/2024 21:04,
a*****9,17/2/2024 21:26,
azmilalaila,18/10/2023 22:30,
hebechia,2/3/2024 12:15,
huwhydahailani,18/3/2024 17:16,
liying320,15/11/2023 10:01,
pjt9318,24/3/2024 23:13,
j*****m,9/3/2024 13:38,
ammandadalora,12/3/2024 15:15,
woodzplasticheart85,1/1/2024 10:58,
firrdaussaari,25/2/2024 17:49,
g*****n,25/2/2024 11:43,
joencmun,17/1/2024 20:51,
s*****8,20/3/2024 16:24,
farahkeyra,19/1/2024 16:02,
s*****1,9/3/2024 23:04,
sirran,22/12/2023 9:05,
a*****i,4/11/2023 1:44,
lechen2upm2013,26/2/2024 9:04,
estherkok39,18/1/2024 22:37,
zamzihakim,4/2/2024 18:25,
wenyikong,5/2/2024 20:48,
lwkent11,29/12/2023 10:49,
pcfaye,13/11/2023 16:54,
_jun_jieee_,15/2/2024 16:09,
greentang77,23/12/2023 13:04,
lovelyreneesone,8/1/2024 5:12,
paulphang,14/2/2024 11:06,
ao7el6c_99,5/1/2024 18:50,
f*****0,10/1/2024 19:43,
willy_911,3/3/2024 21:46,
linie72,28/1/2024 5:34,
vhd19l1ef8vvfvyzza1dyo0vo48s,3/3/2024 22:27,
jyhew,20/3/2024 14:00,
nrwhda13,5/2/2024 3:48,
leeskam,30/1/2024 8:25,
adibsadri94,28/2/2024 9:43,
ling8525,13/3/2024 10:55,
latifothman8080,13/12/2023 16:57,
pekkim69,3/3/2024 12:45,
pekkim69,3/3/2024 12:45,
livingho8,13/3/2024 8:54,
livingho8,13/3/2024 8:54,
limkianyong7878,3/1/2024 22:38,
ezuclark,29/1/2024 13:40,
nazam81,22/3/2024 3:19,
inuslee82,8/3/2024 16:29,
knock.knock11,10/3/2024 18:01,
cktang91,23/3/2024 8:18,
vijohn911,25/1/2024 22:20,
w*****8,5/2/2024 18:01,
mazlan1274,4/2/2024 8:18,
nurhusnina98,3/2/2024 21:41,
j*****a,28/12/2023 20:21,
reneesoh95,25/2/2024 23:08,
suilee0000,20/3/2024 23:08,
yunie0928,27/2/2024 19:56,
omlayy,29/2/2024 23:38,
8kenny8,1/10/2023 21:38,
jeeyung,29/2/2024 21:41,
chanfai,2/3/2024 10:12,
shannen.c,9/3/2024 9:59,
daniselee,5/1/2024 16:24,
sitianisabdrahman,9/3/2024 19:42,
samleong1990,4/1/2024 14:43,
didii_03,4/1/2024 1:23,
zhouying1203,18/12/2023 8:44,
patrickloi22,18/2/2024 18:12,
jennyyeow85,22/11/2023 12:26,
zifeng98,2/3/2024 23:25,
lingginghui880305,14/12/2023 19:37,
nishashanthi,28/12/2023 22:11,
irene8982,24/2/2024 21:42,
limchenrui,27/2/2024 17:12,
j*****6,21/2/2024 16:24,
adlisawfi,3/2/2024 21:22,
w*****p,21/2/2024 5:53,
y*****_,25/11/2023 18:59,
peggy9199,13/12/2023 12:14,
ia56jh1_wv,19/3/2024 3:21,
k*****8,16/11/2023 7:39,
sweetin_estore.my,21/1/2024 23:54,
667qtr2ip7,21/2/2024 16:42,
jerry559,5/3/2024 20:28,
jerry559,5/3/2024 20:28,
y*****_,20/1/2024 21:31,
shino0227,5/2/2024 22:47,
j*****5,8/3/2024 12:32,
tanseping,4/12/2023 10:41,
ashikinfadhil,24/11/2023 18:34,
shawnbu01,17/11/2023 18:39,
ck_9802223,7/3/2024 23:32,
ck_9802223,7/3/2024 23:32,
_nickcl98,12/2/2024 11:54,
christawellatan,16/2/2024 19:04,
andrewjoyfen,15/9/2023 12:21,
limpj94,25/2/2024 23:27,
fnblim,5/3/2024 9:03,
kenneth0r2,8/3/2024 7:28,
yixuan081027,29/1/2024 13:39,
karen5080,8/3/2024 13:38,
tan0418,27/10/2023 13:12,
ingkeat,2/2/2024 19:21,
andrewchewreborn,30/1/2024 6:01,
jiaqin3005,22/1/2024 0:08,
baijian2000,13/1/2024 13:56,
z*****1,5/2/2024 21:51,
cheryllimbc,1/3/2024 14:44,
jmgaming918,29/2/2024 20:07,
xxxmschua,10/3/2024 8:50,
wonglixuan,30/12/2023 23:04,
jimmy9329,22/2/2024 23:16,
jimmy9329,19/2/2024 21:27,
aris_hii,11/2/2024 16:11,
essraymond,21/9/2023 10:40,
junsenyew,15/3/2024 10:29,
chanpeipei96,12/3/2024 19:51,
andikasuleman94,8/11/2023 13:38,
davidtan831,18/1/2024 15:55,
karyeo,26/3/2024 14:02,
n*****7,24/3/2024 14:00,
ky_choy,23/1/2024 15:32,
mrnobodyputraz,21/2/2024 15:27,
dreamcotton_my,28/11/2023 18:00,
ahmiubulele.,10/1/2024 21:52,
showhong8861,7/12/2023 22:23,
csoonwan81,9/2/2024 5:33,
lcng0304,2/3/2024 7:41,
karhowkhoo,22/12/2023 15:49,
moonshine.co,29/11/2023 16:48,
jamiewong123,8/1/2024 16:15,
cherhuatmoi,27/2/2024 19:38,
12lay34,8/2/2024 0:36,
munhong3310,16/1/2024 12:34,
xauditor,25/3/2024 21:46,
emilyncheng03,23/2/2024 13:30,
pang539,4/3/2024 1:53,
x*****4,3/11/2023 14:01,
lynette_law,24/11/2023 0:20,
pts97,22/12/2023 22:30,
stitchhh,13/1/2024 8:44,
nuridatalib77,5/1/2024 22:06,
4dxok0esz2,3/1/2024 14:55,
wannadhar,16/1/2024 17:00,
4cbysi63ha,20/1/2024 1:46,
59ajlxjfad,31/1/2024 22:13,
chiameiyee,26/1/2024 21:40,
j*****0,3/2/2024 15:33,
cuimindellysoo,4/2/2024 12:55,
ethantsen,8/2/2024 10:02,
pooiteng053,18/2/2024 15:08,
ellynoorkasih,29/2/2024 20:16,
chongtang,13/3/2024 17:08,
yuhongyap918,17/3/2024 21:48,
aaron_515,21/3/2024 13:30,
n*****i,25/3/2024 22:33,
leetianmeng,1/12/2023 13:03,
leetianmeng,1/12/2023 13:03,
seehor,20/2/2024 16:17,
azmalizaabdullah149,11/1/2024 9:33,
shervyn_tsy,4/2/2024 21:11,
hubbafood.22,16/11/2023 18:12,
gylow,27/5/2023 16:53,
x5qgu6jg5_,5/5/2023 9:54,
